{"cameraMode":{"drawMode":0,"name":"Shaded","section":"Shading Mode"},"sceneLighting":false,"audioPlay":false,"sceneViewState":{"m_AlwaysRefresh":false,"showFog":true,"showSkybox":true,"showFlares":true,"showImageEffects":true,"showParticleSystems":true,"showVisualEffectGraphs":true,"m_FxEnabled":true},"in2DMode":false,"pivot":{"x":0.393135130405426,"y":5.695443630218506,"z":-11.544321060180664},"rotation":{"x":0.36431050300598147,"y":0.009214880876243115,"z":-0.0035897328052669765,"w":0.9312460422515869},"size":4.6591925621032719,"orthographic":false}